X1,X2,X3,X4,X5,Y1,Y,a1,a2,a3,a4,a5
"8,00","-8,00","-1,00","6,00","5,00","-122,00","-124,69","-8,00","10,00","-3,00","4,00","-1,00"
"4,00","-6,00","7,00","-1,00","8,00","-125,00","-126,35",,,,,
"-4,00","1,00","6,00","-2,00","1,00","15,00","14,15",,,,,
"9,00","9,00","-6,00","7,00","-9,00","73,00","65,95",,,,,
"-4,00","4,00","-1,00","-7,00","10,00","37,00","39,45",,,,,
"-6,00","8,00","-10,00","2,00","3,00","163,00","151,81",,,,,
"-7,00","4,00","5,00","4,00","4,00","93,00","85,76",,,,,
"0,00","-1,00","6,00","-10,00","9,00","-77,00","-84,15",,,,,
"-8,00","-2,00","1,00","-5,00","8,00","13,00","14,13",,,,,
"2,00","2,00","-3,00","5,00","-10,00","43,00","41,82",,,,,
"-3,00","-5,00","-6,00","4,00","-1,00","9,00","8,27",,,,,
"-3,00","2,00","0,00","-4,00","4,00","24,00","25,61",,,,,
"-6,00","-5,00","-6,00","-6,00","3,00","-11,00","-11,15",,,,,
"-8,00","-3,00","-9,00","6,00","2,00","83,00","88,62",,,,,
"-2,00","0,00","-1,00","10,00","-3,00","62,00","67,37",,,,,
"-8,00","-10,00","-3,00","8,00","-4,00","9,00","9,01",,,,,
"-2,00","6,00","-10,00","-10,00","10,00","56,00","50,88",,,,,
"-3,00","1,00","0,00","4,00","-3,00","53,00","52,17",,,,,
"-5,00","-10,00","-10,00","4,00","0,00","-14,00","-13,76",,,,,
"6,00","-5,00","9,00","-9,00","-10,00","-151,00","-164,11",,,,,
"1,00","0,00","8,00","4,00","5,00","-21,00","-22,24",,,,,
"10,00","2,00","-5,00","10,00","-2,00","-3,00","-3,14",,,,,
"10,00","9,00","-10,00","-4,00","2,00","22,00","22,97",,,,,
"9,00","-4,00","2,00","8,00","-10,00","-76,00","-80,74",,,,,
"-6,00","10,00","-1,00","4,00","5,00","162,00","148,02",,,,,
"8,00","0,00","-5,00","-4,00","-2,00","-63,00","-66,50",,,,,
"6,00","1,00","5,00","-10,00","-10,00","-83,00","-75,98",,,,,
"1,00","-5,00","8,00","7,00","-1,00","-53,00","-51,71",,,,,
"7,00","-9,00","2,00","10,00","8,00","-120,00","-109,37",,,,,
"-1,00","0,00","-8,00","-3,00","9,00","11,00","12,02",,,,,
"-9,00","-1,00","-8,00","-5,00","7,00","59,00","57,04",,,,,
"-4,00","-1,00","0,00","-6,00","8,00","-10,00","-10,80",,,,,
"9,00","4,00","-6,00","9,00","-2,00","24,00","22,87",,,,,
"0,00","0,00","-10,00","2,00","3,00","35,00","34,49",,,,,
"-6,00","-7,00","0,00","6,00","-5,00","7,00","7,28",,,,,
"-9,00","2,00","1,00","-4,00","1,00","72,00","74,06",,,,,
"0,00","-3,00","-2,00","6,00","0,00","0,00","0,00",,,,,
"-10,00","-1,00","-9,00","-4,00","-3,00","84,00","75,68",,,,,
"1,00","2,00","6,00","9,00","4,00","26,00","25,18",,,,,
"-1,00","5,00","6,00","4,00","5,00","51,00","52,76",,,,,
"9,00","5,00","-5,00","-9,00","0,00","-43,00","-40,58",,,,,
"4,00","-3,00","7,00","-4,00","-8,00","-91,00","-97,96",,,,,
"-2,00","5,00","-8,00","1,00","-9,00","103,00","92,82",,,,,
"8,00","9,00","3,00","-2,00","-1,00","10,00","10,05",,,,,
"-9,00","3,00","-6,00","3,00","-2,00","134,00","143,67",,,,,
"10,00","4,00","9,00","-7,00","3,00","-98,00","-89,21",,,,,
"8,00","3,00","-5,00","4,00","-2,00","-1,00","-0,92",,,,,
"-9,00","7,00","-2,00","-8,00","-8,00","124,00","125,17",,,,,
"7,00","0,00","-5,00","-10,00","5,00","-86,00","-87,15",,,,,
"2,00","6,00","-4,00","-8,00","-3,00","27,00","26,45",,,,,
"9,00","-6,00","-10,00","-5,00","-2,00","-120,00","-129,00",,,,,
"3,00","-3,00","-10,00","-2,00","0,00","-32,00","-33,85",,,,,
"-6,00","9,00","10,00","8,00","-9,00","149,00","140,93",,,,,
"-8,00","7,00","-6,00","-4,00","0,00","136,00","143,14",,,,,
"2,00","-4,00","-4,00","10,00","4,00","-8,00","-8,36",,,,,
"-3,00","-8,00","-3,00","-2,00","-2,00","-53,00","-51,13",,,,,
"6,00","7,00","9,00","7,00","8,00","15,00","14,59",,,,,
"9,00","-6,00","5,00","-6,00","6,00","-177,00","-171,53",,,,,
"0,00","-2,00","-7,00","9,00","-1,00","38,00","34,56",,,,,
"0,00","5,00","-1,00","-4,00","-10,00","47,00","45,48",,,,,
"-8,00","-3,00","-9,00","-7,00","-10,00","43,00","46,31",,,,,
"-5,00","-9,00","-3,00","-7,00","8,00","-77,00","-79,14",,,,,
"-2,00","-7,00","-5,00","2,00","1,00","-32,00","-34,49",,,,,
"-2,00","9,00","9,00","7,00","9,00","98,00","100,63",,,,,
"-6,00","-5,00","-10,00","-5,00","7,00","1,00","1,01",,,,,
"-9,00","-8,00","-2,00","-10,00","1,00","-43,00","-42,15",,,,,
"6,00","3,00","3,00","-10,00","-4,00","-63,00","-65,72",,,,,
"2,00","-1,00","-4,00","3,00","5,00","-7,00","-7,52",,,,,
"4,00","-5,00","5,00","-9,00","7,00","-140,00","-147,19",,,,,
"2,00","6,00","4,00","4,00","-4,00","52,00","49,91",,,,,
"2,00","-8,00","-1,00","1,00","-5,00","-84,00","-89,69",,,,,
"7,00","5,00","-7,00","-6,00","7,00","-16,00","-16,49",,,,,
"10,00","-8,00","-1,00","-4,00","6,00","-179,00","-165,70",,,,,
"2,00","7,00","1,00","-8,00","9,00","10,00","10,10",,,,,
"5,00","2,00","0,00","8,00","-8,00","20,00","19,95",,,,,
"6,00","6,00","-7,00","1,00","2,00","35,00","34,06",,,,,
"1,00","6,00","-9,00","4,00","-6,00","101,00","109,37",,,,,
"-1,00","-9,00","7,00","-7,00","8,00","-139,00","-131,86",,,,,
"-3,00","-7,00","1,00","2,00","3,00","-44,00","-41,19",,,,,
"-1,00","2,00","9,00","-9,00","7,00","-42,00","-45,79",,,,,
"-8,00","-3,00","1,00","-7,00","-2,00","5,00","4,65",,,,,
"2,00","-2,00","0,00","-2,00","-5,00","-39,00","-35,72",,,,,
"-2,00","-8,00","-1,00","-10,00","9,00","-110,00","-109,36",,,,,
"-1,00","3,00","4,00","-10,00","-2,00","-12,00","-12,77",,,,,
"10,00","-3,00","-4,00","2,00","-7,00","-83,00","-90,11",,,,,
"-9,00","5,00","1,00","3,00","-1,00","132,00","143,65",,,,,
"5,00","-3,00","5,00","7,00","10,00","-67,00","-67,67",,,,,
"0,00","3,00","5,00","6,00","7,00","32,00","32,86",,,,,
"9,00","-7,00","-1,00","-5,00","0,00","-159,00","-156,67",,,,,
"-6,00","-4,00","6,00","0,00","2,00","-12,00","-10,87",,,,,
"-5,00","9,00","-3,00","4,00","-7,00","162,00","160,60",,,,,
"-3,00","2,00","5,00","-4,00","7,00","6,00","5,59",,,,,
"-2,00","-2,00","-8,00","-3,00","-4,00","12,00","11,17",,,,,
"-1,00","-2,00","5,00","-5,00","-7,00","-40,00","-38,64",,,,,
"-8,00","-9,00","-5,00","6,00","-4,00","17,00","18,22",,,,,
"10,00","-9,00","2,00","-5,00","10,00","-206,00","-192,40",,,,,
"-5,00","-6,00","-9,00","0,00","-3,00","10,00","10,17",,,,,
"9,00","-8,00","10,00","6,00","5,00","-163,00","-173,08",,,,,
"1,00","3,00","3,00","-3,00","-8,00","9,00","8,90",,,,,
"-7,00","-9,00","-10,00","9,00","-10,00","42,00","38,98",,,,,
"1,00","6,00","-6,00","-7,00","-9,00","51,00","56,07",,,,,
"7,00","2,00","-4,00","-3,00","-10,00","-26,00","-23,61",,,,,
"3,00","-8,00","-8,00","-2,00","-2,00","-86,00","-94,19",,,,,
"5,00","-9,00","1,00","-3,00","-5,00","-140,00","-141,10",,,,,
"-6,00","9,00","9,00","4,00","10,00","117,00","108,33",,,,,
"6,00","4,00","-5,00","-1,00","1,00","2,00","2,18",,,,,
"-10,00","-1,00","-7,00","5,00","-9,00","120,00","131,91",,,,,
"-1,00","1,00","7,00","9,00","-7,00","40,00","41,69",,,,,
"3,00","5,00","-3,00","-6,00","-2,00","13,00","12,79",,,,,
"0,00","-1,00","2,00","-4,00","5,00","-37,00","-40,31",,,,,
"1,00","-8,00","3,00","-5,00","7,00","-124,00","-134,81",,,,,
"9,00","8,00","8,00","-10,00","3,00","-59,00","-60,33",,,,,
"-8,00","1,00","1,00","-1,00","-1,00","68,00","65,79",,,,,
"4,00","-4,00","1,00","1,00","-5,00","-66,00","-61,16",,,,,
"9,00","-6,00","4,00","6,00","6,00","-126,00","-117,42",,,,,
"-3,00","5,00","-8,00","7,00","-1,00","127,00","119,54",,,,,
"2,00","0,00","-1,00","-10,00","3,00","-56,00","-53,89",,,,,
"-10,00","-10,00","1,00","1,00","0,00","-19,00","-20,44",,,,,
"10,00","-10,00","6,00","8,00","5,00","-171,00","-156,28",,,,,
"-4,00","-7,00","-6,00","5,00","5,00","-5,00","-5,39",,,,,
"-8,00","4,00","-10,00","10,00","-8,00","182,00","172,75",,,,,
"10,00","8,00","-5,00","7,00","1,00","42,00","38,79",,,,,
"3,00","-9,00","-4,00","2,00","1,00","-95,00","-103,49",,,,,
"0,00","-6,00","-5,00","-1,00","10,00","-59,00","-55,74",,,,,
"5,00","7,00","-2,00","-2,00","4,00","24,00","23,77",,,,,
"-6,00","8,00","-4,00","6,00","-2,00","166,00","167,35",,,,,
"7,00","-7,00","-9,00","-8,00","1,00","-132,00","-135,86",,,,,
"-1,00","-4,00","-2,00","-6,00","8,00","-58,00","-52,40",,,,,
"4,00","-3,00","-10,00","4,00","-8,00","-8,00","-7,40",,,,,
"4,00","5,00","8,00","10,00","0,00","34,00","30,70",,,,,
"2,00","8,00","2,00","-10,00","6,00","12,00","12,26",,,,,
"6,00","9,00","-10,00","-4,00","-8,00","64,00","59,76",,,,,
"-4,00","-8,00","5,00","2,00","5,00","-60,00","-55,87",,,,,
"-7,00","-7,00","6,00","8,00","3,00","-3,00","-2,71",,,,,
"-10,00","9,00","1,00","-1,00","-3,00","166,00","179,15",,,,,
"-7,00","-7,00","10,00","6,00","6,00","-26,00","-26,86",,,,,
"-8,00","-5,00","-10,00","-3,00","-6,00","38,00","35,17",,,,,
"7,00","7,00","0,00","5,00","-2,00","36,00","33,31",,,,,
"9,00","-1,00","-2,00","7,00","3,00","-51,00","-47,71",,,,,
"9,00","9,00","8,00","-4,00","-7,00","-15,00","-15,76",,,,,
"-5,00","-3,00","-4,00","8,00","-9,00","63,00","68,08",,,,,
"-8,00","2,00","6,00","10,00","-9,00","115,00","113,48",,,,,
"-2,00","2,00","-5,00","-4,00","-3,00","38,00","38,24",,,,,
"10,00","-3,00","2,00","4,00","5,00","-105,00","-110,83",,,,,
"9,00","-1,00","-9,00","4,00","8,00","-47,00","-42,48",,,,,
"4,00","5,00","7,00","-5,00","5,00","-28,00","-27,34",,,,,
"-10,00","-5,00","-1,00","4,00","-6,00","55,00","50,25",,,,,
"-8,00","7,00","-7,00","-10,00","9,00","106,00","115,63",,,,,
"9,00","-6,00","10,00","-10,00","-9,00","-193,00","-192,17",,,,,
"0,00","-7,00","1,00","4,00","-8,00","-49,00","-49,54",,,,,
"2,00","8,00","-7,00","-2,00","-7,00","84,00","77,72",,,,,
"-9,00","1,00","7,00","-7,00","7,00","26,00","24,44",,,,,
"-5,00","1,00","2,00","9,00","5,00","75,00","70,36",,,,,
"8,00","2,00","8,00","5,00","-9,00","-39,00","-42,30",,,,,
"-2,00","9,00","9,00","-1,00","-2,00","77,00","79,15",,,,,
"10,00","6,00","2,00","8,00","-1,00","7,00","6,60",,,,,
"-3,00","-6,00","-4,00","0,00","-10,00","-14,00","-13,86",,,,,
"9,00","10,00","5,00","-7,00","8,00","-23,00","-22,99",,,,,
"5,00","-9,00","-5,00","0,00","-7,00","-108,00","-118,05",,,,,
"-9,00","2,00","-6,00","-1,00","-1,00","107,00","100,30",,,,,
"-7,00","-2,00","-9,00","-7,00","-8,00","43,00","41,82",,,,,
"-5,00","9,00","-2,00","-4,00","5,00","115,00","114,46",,,,,
"9,00","-2,00","-5,00","4,00","1,00","-62,00","-56,25",,,,,
"8,00","-5,00","4,00","0,00","-8,00","-118,00","-127,21",,,,,
"-1,00","-10,00","-1,00","3,00","-4,00","-73,00","-66,06",,,,,
"7,00","5,00","-10,00","-1,00","10,00","10,00","10,61",,,,,
"-3,00","4,00","-3,00","8,00","6,00","99,00","93,68",,,,,
"2,00","-8,00","-3,00","2,00","-5,00","-74,00","-72,20",,,,,
"10,00","8,00","6,00","5,00","2,00","0,00","0,00",,,,,
"2,00","3,00","4,00","-10,00","-3,00","-35,00","-35,23",,,,,
"2,00","9,00","-5,00","-10,00","10,00","39,00","41,00",,,,,
"-5,00","-7,00","-1,00","10,00","-7,00","20,00","18,97",,,,,
"4,00","0,00","-6,00","7,00","-1,00","15,00","15,19",,,,,
"-9,00","-10,00","2,00","3,00","7,00","-29,00","-28,94",,,,,
"-1,00","7,00","-5,00","-1,00","7,00","82,00","84,31",,,,,
"-6,00","10,00","-5,00","7,00","-1,00","192,00","178,83",,,,,
"3,00","2,00","-9,00","-2,00","9,00","6,00","6,56",,,,,
"1,00","-6,00","-5,00","5,00","8,00","-41,00","-40,99",,,,,
"4,00","-4,00","3,00","-9,00","4,00","-121,00","-125,74",,,,,
"-7,00","-9,00","-3,00","-8,00","0,00","-57,00","-56,38",,,,,
"-3,00","-7,00","0,00","-2,00","10,00","-64,00","-62,17",,,,,
"-8,00","8,00","-5,00","-2,00","2,00","149,00","161,56",,,,,
"1,00","-7,00","4,00","4,00","-6,00","-68,00","-73,29",,,,,
"7,00","5,00","9,00","-6,00","6,00","-63,00","-63,39",,,,,
"-9,00","8,00","-4,00","1,00","-2,00","170,00","180,83",,,,,
"-6,00","-4,00","7,00","4,00","-9,00","12,00","11,48",,,,,
"2,00","-5,00","-1,00","-3,00","5,00","-80,00","-82,35",,,,,
"3,00","5,00","-6,00","1,00","-4,00","52,00","51,33",,,,,
"-7,00","-7,00","0,00","-7,00","-7,00","-35,00","-34,31",,,,,
"8,00","-1,00","0,00","-7,00","8,00","-110,00","-111,36",,,,,
"-5,00","9,00","-4,00","-4,00","-5,00","131,00","131,52",,,,,
"-6,00","-7,00","-8,00","1,00","-2,00","8,00","8,69",,,,,
"1,00","-3,00","7,00","-8,00","5,00","-96,00","-87,93",,,,,
"7,00","10,00","-10,00","-2,00","-3,00","69,00","62,95",,,,,
"-2,00","-2,00","10,00","-10,00","-8,00","-66,00","-66,10",,,,,
"6,00","8,00","7,00","1,00","6,00","9,00","9,14",,,,,
"-7,00","6,00","-2,00","-3,00","-5,00","115,00","109,74",,,,,
"-6,00","2,00","5,00","-6,00","3,00","26,00","28,32",,,,,
"1,00","7,00","-4,00","5,00","-10,00","104,00","95,47",,,,,
"1,00","10,00","7,00","-1,00","5,00","62,00","62,99",,,,,
"-4,00","6,00","-8,00","6,00","-8,00","148,00","142,49",,,,,
"-10,00","2,00","7,00","-8,00","-7,00","54,00","49,67",,,,,
"-10,00","0,00","8,00","-4,00","4,00","36,00","37,25",,,,,
"0,00","10,00","-10,00","8,00","3,00","159,00","157,09",,,,,
"2,00","10,00","-5,00","-4,00","-5,00","88,00","85,72",,,,,
"-4,00","-3,00","-10,00","2,00","-4,00","44,00","43,64",,,,,
"-9,00","-2,00","-5,00","6,00","4,00","87,00","90,97",,,,,
"3,00","-4,00","8,00","9,00","-3,00","-49,00","-46,98",,,,,
"-10,00","-9,00","2,00","10,00","10,00","14,00","14,23",,,,,
"-4,00","10,00","-10,00","-9,00","-10,00","136,00","147,94",,,,,
"5,00","-9,00","2,00","6,00","-4,00","-108,00","-104,98",,,,,
"2,00","-9,00","2,00","-6,00","10,00","-146,00","-137,12",,,,,
"-2,00","-8,00","-5,00","-4,00","-4,00","-61,00","-56,24",,,,,
"6,00","-5,00","-10,00","1,00","8,00","-72,00","-75,67",,,,,
"-7,00","-8,00","-3,00","-5,00","-1,00","-34,00","-33,74",,,,,
"-6,00","1,00","-2,00","-10,00","-4,00","28,00","30,35",,,,,
"4,00","10,00","8,00","7,00","-8,00","80,00","86,94",,,,,
"10,00","1,00","-10,00","6,00","9,00","-25,00","-24,13",,,,,
"3,00","8,00","6,00","1,00","-3,00","45,00","48,01",,,,,
"5,00","6,00","-9,00","-6,00","9,00","14,00","13,75",,,,,
"8,00","-10,00","9,00","2,00","-9,00","-174,00","-185,29",,,,,
"-8,00","3,00","-8,00","-10,00","-5,00","83,00","89,35",,,,,
"-6,00","-8,00","6,00","10,00","7,00","-17,00","-18,43",,,,,
"10,00","1,00","3,00","1,00","8,00","-83,00","-86,98",,,,,
"-8,00","1,00","5,00","0,00","-4,00","63,00","56,91",,,,,
"7,00","0,00","8,00","8,00","-3,00","-45,00","-46,05",,,,,
"-2,00","9,00","-5,00","-3,00","-2,00","111,00","117,89",,,,,
"4,00","-7,00","-8,00","10,00","5,00","-43,00","-40,78",,,,,
"-7,00","1,00","6,00","4,00","6,00","58,00","57,63",,,,,
"3,00","8,00","3,00","7,00","1,00","74,00","73,52",,,,,
"-7,00","-8,00","-6,00","-2,00","10,00","-24,00","-22,97",,,,,
"-4,00","6,00","2,00","1,00","-3,00","93,00","93,68",,,,,
"-1,00","7,00","2,00","5,00","-2,00","94,00","92,85",,,,,
"6,00","4,00","-8,00","4,00","8,00","24,00","24,64",,,,,
"10,00","-6,00","-8,00","5,00","5,00","-101,00","-100,49",,,,,
"3,00","-5,00","6,00","10,00","5,00","-57,00","-55,06",,,,,
"-8,00","3,00","-1,00","2,00","8,00","97,00","95,01",,,,,
"0,00","-2,00","-8,00","3,00","-10,00","26,00","26,15",,,,,
"-2,00","-4,00","-9,00","-7,00","-4,00","-21,00","-21,38",,,,,
"3,00","-6,00","-6,00","-3,00","6,00","-84,00","-78,52",,,,,
"2,00","3,00","-4,00","9,00","-10,00","72,00","77,04",,,,,
"-5,00","3,00","3,00","3,00","8,00","65,00","60,39",,,,,
"-3,00","-5,00","4,00","-2,00","7,00","-53,00","-57,27",,,,,
"1,00","7,00","2,00","-10,00","-2,00","18,00","19,35",,,,,
"6,00","-10,00","-10,00","10,00","-7,00","-71,00","-75,12",,,,,
"0,00","-10,00","3,00","6,00","-1,00","-84,00","-88,26",,,,,
"-9,00","-9,00","6,00","-7,00","-2,00","-62,00","-64,95",,,,,
"-3,00","1,00","-9,00","-3,00","-1,00","50,00","53,75",,,,,
"0,00","-2,00","-4,00","-3,00","7,00","-27,00","-29,16",,,,,
"-3,00","0,00","-2,00","0,00","2,00","28,00","27,74",,,,,
"6,00","7,00","3,00","5,00","-3,00","36,00","38,43",,,,,
"-4,00","10,00","9,00","-7,00","-8,00","85,00","88,38",,,,,
"-8,00","-8,00","3,00","-7,00","-1,00","-52,00","-51,94",,,,,
"0,00","7,00","4,00","7,00","0,00","86,00","82,82",,,,,
"-6,00","9,00","-3,00","-4,00","9,00","122,00","130,55",,,,,
"8,00","9,00","7,00","-1,00","8,00","-7,00","-7,09",,,,,
"2,00","1,00","-3,00","0,00","-9,00","12,00","11,99",,,,,
"-4,00","3,00","-2,00","-4,00","-3,00","55,00","58,17",,,,,
"-2,00","-7,00","-6,00","5,00","-1,00","-15,00","-13,72",,,,,
"-4,00","7,00","-8,00","10,00","0,00","166,00","158,75",,,,,
"0,00","3,00","-2,00","5,00","-3,00","59,00","57,47",,,,,
"-5,00","-3,00","3,00","-6,00","-4,00","-19,00","-19,31",,,,,
"-10,00","-3,00","10,00","1,00","5,00","19,00","20,21",,,,,
"-2,00","-3,00","8,00","-3,00","-9,00","-41,00","-44,49",,,,,
"3,00","1,00","-8,00","3,00","-4,00","26,00","23,68",,,,,
"1,00","-8,00","9,00","-1,00","5,00","-124,00","-122,99",,,,,
"7,00","10,00","2,00","-8,00","8,00","-2,00","-2,18",,,,,
"8,00","5,00","-4,00","5,00","1,00","17,00","15,56",,,,,
"-7,00","0,00","8,00","-8,00","-6,00","6,00","5,90",,,,,
"1,00","-5,00","5,00","-5,00","1,00","-94,00","-89,57",,,,,
"-8,00","-5,00","1,00","-6,00","10,00","-23,00","-21,41",,,,,
"0,00","3,00","-9,00","-3,00","-2,00","47,00","43,18",,,,,
"8,00","5,00","-7,00","-2,00","-9,00","8,00","8,22",,,,,
"-6,00","7,00","-7,00","8,00","-1,00","172,00","188,54",,,,,
"-10,00","4,00","8,00","-9,00","-1,00","61,00","62,65",,,,,
"5,00","2,00","-4,00","-3,00","1,00","-21,00","-21,35",,,,,
"-3,00","-7,00","-9,00","7,00","5,00","4,00","3,79",,,,,
"4,00","7,00","-6,00","5,00","-9,00","85,00","91,52",,,,,
"-2,00","1,00","7,00","-2,00","-10,00","7,00","7,01",,,,,
"-3,00","-8,00","-8,00","7,00","9,00","-13,00","-11,88",,,,,
"-7,00","4,00","-10,00","3,00","4,00","134,00","125,78",,,,,
"0,00","-7,00","0,00","3,00","-5,00","-53,00","-54,27",,,,,
"6,00","-10,00","9,00","3,00","-5,00","-158,00","-152,17",,,,,
"-3,00","9,00","-7,00","4,00","-7,00","158,00","173,56",,,,,
"-8,00","-8,00","3,00","-5,00","-3,00","-42,00","-43,21",,,,,
"-9,00","-3,00","-1,00","-2,00","2,00","35,00","35,57",,,,,
"-9,00","2,00","1,00","7,00","9,00","108,00","107,76",,,,,
"-7,00","0,00","8,00","-6,00","-6,00","14,00","13,48",,,,,
"1,00","3,00","-1,00","-6,00","-6,00","7,00","6,71",,,,,
"-9,00","4,00","-4,00","3,00","-3,00","139,00","127,37",,,,,
"-7,00","8,00","-1,00","-4,00","7,00","116,00","112,34",,,,,
"-3,00","-4,00","-3,00","-10,00","-1,00","-46,00","-44,85",,,,,
"-1,00","-1,00","-5,00","1,00","-9,00","26,00","25,72",,,,,
"-4,00","5,00","-3,00","-1,00","5,00","82,00","84,60",,,,,
"-5,00","-10,00","4,00","2,00","7,00","-71,00","-72,58",,,,,
"3,00","9,00","-3,00","-10,00","9,00","26,00","24,14",,,,,
"-4,00","-2,00","-8,00","-1,00","7,00","25,00","22,75",,,,,
"-7,00","5,00","8,00","-7,00","-2,00","56,00","53,58",,,,,
"-9,00","-1,00","4,00","-8,00","9,00","9,00","8,10",,,,,
"-6,00","9,00","-4,00","-5,00","-8,00","138,00","144,26",,,,,
"-6,00","1,00","-8,00","9,00","-4,00","122,00","127,90",,,,,
"8,00","8,00","-4,00","4,00","-10,00","54,00","52,86",,,,,
"4,00","-4,00","0,00","-10,00","2,00","-114,00","-114,39",,,,,
"-8,00","9,00","-9,00","10,00","-4,00","225,00","237,20",,,,,
"10,00","-1,00","-6,00","-5,00","9,00","-101,00","-94,17",,,,,
"-1,00","1,00","8,00","-9,00","1,00","-43,00","-42,37",,,,,
"-1,00","9,00","6,00","-4,00","3,00","61,00","61,51",,,,,
"-1,00","-6,00","3,00","6,00","-4,00","-33,00","-32,10",,,,,
"9,00","-4,00","-1,00","2,00","-3,00","-98,00","-92,95",,,,,
"-3,00","-4,00","-2,00","5,00","2,00","8,00","8,77",,,,,
"0,00","9,00","1,00","9,00","1,00","122,00","129,79",,,,,
"0,00","-5,00","-2,00","-5,00","-9,00","-55,00","-52,31",,,,,
"-8,00","-10,00","5,00","8,00","7,00","-26,00","-24,55",,,,,
"-2,00","3,00","-4,00","5,00","6,00","72,00","76,67",,,,,
"4,00","-8,00","9,00","-1,00","9,00","-152,00","-151,23",,,,,
"7,00","1,00","10,00","-5,00","-3,00","-93,00","-91,89",,,,,
"-10,00","10,00","8,00","-6,00","-3,00","135,00","133,27",,,,,
"7,00","-1,00","-8,00","-9,00","3,00","-81,00","-83,87",,,,,
"5,00","-1,00","-10,00","-3,00","-9,00","-23,00","-21,52",,,,,
"9,00","-6,00","-2,00","5,00","-1,00","-105,00","-107,36",,,,,
"-10,00","-4,00","3,00","10,00","-2,00","73,00","76,65",,,,,
"-8,00","1,00","2,00","5,00","8,00","80,00","74,99",,,,,
"1,00","10,00","-7,00","7,00","9,00","132,00","129,40",,,,,
"10,00","7,00","2,00","2,00","6,00","-14,00","-14,35",,,,,
"-4,00","-2,00","3,00","5,00","4,00","19,00","19,58",,,,,
"-4,00","5,00","-9,00","-9,00","-3,00","76,00","75,43",,,,,
"-9,00","5,00","-6,00","5,00","3,00","157,00","156,40",,,,,
"10,00","0,00","-4,00","1,00","-3,00","-61,00","-65,18",,,,,
"-5,00","-9,00","7,00","-4,00","-2,00","-85,00","-86,89",,,,,
"-2,00","-2,00","2,00","-5,00","-8,00","-22,00","-21,27",,,,,
"5,00","4,00","-8,00","2,00","9,00","23,00","24,51",,,,,
"-4,00","-3,00","-5,00","-10,00","-6,00","-17,00","-15,91",,,,,
"7,00","-6,00","-8,00","-2,00","5,00","-105,00","-101,06",,,,,
"-2,00","3,00","-10,00","6,00","-3,00","103,00","110,16",,,,,
"5,00","-10,00","-4,00","2,00","9,00","-129,00","-122,37",,,,,
"10,00","-7,00","-2,00","-4,00","-8,00","-152,00","-158,44",,,,,
"-9,00","-2,00","6,00","7,00","-7,00","69,00","72,35",,,,,
"-6,00","-6,00","10,00","7,00","-1,00","-13,00","-13,06",,,,,
"-5,00","9,00","10,00","-6,00","-6,00","82,00","85,72",,,,,
"1,00","6,00","-3,00","1,00","4,00","61,00","66,83",,,,,
"0,00","0,00","3,00","8,00","-8,00","31,00","33,70",,,,,
"0,00","6,00","8,00","5,00","5,00","51,00","52,06",,,,,
"-1,00","4,00","-9,00","3,00","-3,00","90,00","91,31",,,,,
"-2,00","10,00","-9,00","-9,00","7,00","100,00","98,99",,,,,
"8,00","-5,00","-4,00","8,00","-9,00","-61,00","-59,49",,,,,
"-5,00","10,00","-2,00","0,00","9,00","137,00","147,05",,,,,
"-8,00","0,00","9,00","-9,00","-5,00","6,00","6,39",,,,,
"-5,00","10,00","0,00","2,00","0,00","148,00","140,20",,,,,
"2,00","-5,00","6,00","8,00","1,00","-53,00","-54,86",,,,,
"-2,00","1,00","4,00","5,00","-3,00","37,00","37,27",,,,,
"-3,00","2,00","6,00","10,00","-4,00","70,00","67,73",,,,,
"6,00","-10,00","-9,00","0,00","-5,00","-116,00","-121,91",,,,,
"1,00","-8,00","-9,00","7,00","-4,00","-29,00","-27,06",,,,,
"-10,00","9,00","10,00","-7,00","-8,00","120,00","121,00",,,,,
"1,00","-1,00","1,00","-3,00","5,00","-38,00","-40,67",,,,,
"-4,00","1,00","0,00","-5,00","-3,00","25,00","27,30",,,,,
"8,00","-10,00","-7,00","5,00","-1,00","-122,00","-121,08",,,,,
"-8,00","9,00","5,00","3,00","-1,00","152,00","155,45",,,,,
"4,00","-10,00","9,00","-9,00","8,00","-203,00","-198,18",,,,,
"-3,00","8,00","6,00","6,00","5,00","105,00","110,41",,,,,
"4,00","-9,00","7,00","-8,00","-6,00","-169,00","-182,93",,,,,
"2,00","-9,00","-8,00","-8,00","-4,00","-110,00","-115,18",,,,,
"-8,00","9,00","-2,00","-5,00","5,00","135,00","128,55",,,,,
"-4,00","-7,00","-8,00","2,00","9,00","-15,00","-14,64",,,,,
"-8,00","8,00","-8,00","-9,00","0,00","132,00","119,89",,,,,
"-3,00","-5,00","-7,00","2,00","-6,00","9,00","8,17",,,,,
"10,00","-9,00","-5,00","-3,00","-6,00","-161,00","-174,08",,,,,
"-5,00","1,00","4,00","-10,00","2,00","-4,00","-4,26",,,,,
"9,00","1,00","7,00","1,00","3,00","-82,00","-86,98",,,,,
"-4,00","0,00","-2,00","-2,00","4,00","26,00","26,30",,,,,
"-8,00","-3,00","-7,00","8,00","2,00","85,00","78,51",,,,,
"6,00","-3,00","0,00","2,00","10,00","-80,00","-86,84",,,,,
"-1,00","6,00","-6,00","9,00","-5,00","127,00","125,86",,,,,
"-7,00","7,00","8,00","-5,00","-6,00","88,00","81,28",,,,,
"-3,00","8,00","-4,00","2,00","-4,00","128,00","125,19",,,,,
"0,00","-5,00","-1,00","-4,00","7,00","-70,00","-67,96",,,,,
"-5,00","-6,00","-8,00","-10,00","-10,00","-26,00","-25,19",,,,,
"5,00","10,00","-8,00","1,00","-2,00","90,00","87,39",,,,,
"4,00","7,00","5,00","-5,00","-1,00","4,00","3,75",,,,,
"-6,00","-2,00","-2,00","-3,00","-7,00","29,00","28,70",,,,,
"2,00","-6,00","3,00","9,00","-6,00","-43,00","-45,40",,,,,
"-4,00","-10,00","-3,00","3,00","9,00","-56,00","-60,96",,,,,
"-1,00","1,00","-2,00","-9,00","0,00","-12,00","-12,35",,,,,
"3,00","8,00","-10,00","7,00","-9,00","123,00","134,59",,,,,
"-10,00","7,00","-1,00","8,00","3,00","182,00","178,37",,,,,
"4,00","-2,00","4,00","1,00","2,00","-62,00","-57,64",,,,,
"0,00","2,00","-7,00","-4,00","8,00","17,00","16,78",,,,,
"4,00","7,00","1,00","-9,00","-9,00","8,00","8,43",,,,,
"9,00","6,00","-8,00","-6,00","1,00","-13,00","-12,09",,,,,
"-2,00","2,00","-7,00","-3,00","-6,00","51,00","49,14",,,,,
"-5,00","-1,00","6,00","-6,00","3,00","-15,00","-16,13",,,,,
"4,00","-1,00","-2,00","-7,00","0,00","-64,00","-66,99",,,,,
"10,00","8,00","-10,00","-6,00","-9,00","15,00","13,63",,,,,
"-10,00","-3,00","-7,00","-2,00","4,00","59,00","54,77",,,,,
"-10,00","-3,00","-10,00","0,00","5,00","75,00","73,98",,,,,
"-1,00","3,00","5,00","9,00","8,00","51,00","54,00",,,,,
"10,00","3,00","8,00","8,00","-3,00","-39,00","-38,23",,,,,
"3,00","-7,00","6,00","1,00","7,00","-115,00","-113,03",,,,,
"6,00","-7,00","-2,00","5,00","2,00","-94,00","-101,21",,,,,
"-3,00","5,00","3,00","-7,00","10,00","27,00","25,81",,,,,
"3,00","5,00","4,00","-4,00","2,00","-4,00","-3,69",,,,,
"-8,00","-10,00","2,00","-3,00","-2,00","-52,00","-52,16",,,,,
"-10,00","0,00","-3,00","10,00","1,00","128,00","125,85",,,,,
"3,00","10,00","5,00","-4,00","7,00","38,00","39,68",,,,,
"5,00","1,00","10,00","-2,00","1,00","-69,00","-73,69",,,,,
"-1,00","-2,00","-5,00","10,00","6,00","37,00","33,73",,,,,
"-8,00","9,00","-4,00","5,00","-5,00","191,00","199,16",,,,,
"9,00","1,00","-4,00","1,00","-6,00","-40,00","-36,31",,,,,
"8,00","-7,00","-6,00","7,00","0,00","-88,00","-90,95",,,,,
"7,00","-4,00","-1,00","2,00","-1,00","-84,00","-91,70",,,,,
"3,00","1,00","-7,00","-10,00","-1,00","-32,00","-35,04",,,,,
"-6,00","6,00","6,00","3,00","-3,00","105,00","96,74",,,,,
"-8,00","-6,00","6,00","3,00","0,00","-2,00","-2,20",,,,,
"-4,00","7,00","9,00","6,00","-8,00","107,00","111,03",,,,,
"4,00","-4,00","-4,00","5,00","0,00","-40,00","-39,51",,,,,
"6,00","-1,00","-10,00","-6,00","8,00","-60,00","-64,90",,,,,
"0,00","1,00","0,00","-8,00","-9,00","-13,00","-13,67",,,,,
"-1,00","9,00","-5,00","-1,00","6,00","103,00","105,97",,,,,
"-1,00","-2,00","-4,00","8,00","6,00","26,00","26,56",,,,,
"7,00","-7,00","-10,00","8,00","-7,00","-57,00","-60,53",,,,,
"-9,00","-1,00","-1,00","3,00","1,00","76,00","73,14",,,,,
"-2,00","4,00","5,00","-6,00","-7,00","24,00","23,22",,,,,
"1,00","8,00","2,00","1,00","-1,00","71,00","76,36",,,,,
"1,00","7,00","2,00","-9,00","-10,00","30,00","27,24",,,,,
"7,00","7,00","0,00","-1,00","-2,00","12,00","11,29",,,,,
"8,00","-4,00","-9,00","8,00","9,00","-54,00","-55,23",,,,,
"6,00","0,00","-3,00","-2,00","-10,00","-37,00","-38,12",,,,,
"-5,00","-2,00","-8,00","-2,00","0,00","36,00","33,09",,,,,
"2,00","-3,00","-7,00","5,00","7,00","-12,00","-11,44",,,,,
"-8,00","2,00","-1,00","5,00","0,00","107,00","100,90",,,,,
"4,00","-7,00","4,00","-2,00","-4,00","-118,00","-115,67",,,,,
"3,00","1,00","-2,00","-7,00","0,00","-36,00","-36,95",,,,,
"4,00","3,00","9,00","1,00","6,00","-31,00","-29,70",,,,,
"0,00","2,00","-2,00","1,00","0,00","30,00","31,59",,,,,
"-8,00","-7,00","-2,00","5,00","-10,00","30,00","28,75",,,,,
"8,00","9,00","-8,00","7,00","-5,00","83,00","81,30",,,,,
"-8,00","2,00","-4,00","10,00","8,00","128,00","119,99",,,,,
"4,00","7,00","4,00","-7,00","-8,00","6,00","6,27",,,,,
"2,00","-4,00","-4,00","5,00","5,00","-29,00","-27,06",,,,,
"-1,00","5,00","7,00","-4,00","-9,00","30,00","32,16",,,,,
"-5,00","1,00","-2,00","2,00","8,00","56,00","56,60",,,,,
"7,00","9,00","2,00","1,00","-1,00","33,00","35,72",,,,,
"2,00","2,00","6,00","-1,00","0,00","-18,00","-18,66",,,,,
"-7,00","-8,00","10,00","-7,00","-2,00","-80,00","-80,46",,,,,
"0,00","-4,00","-2,00","-5,00","-2,00","-52,00","-55,46",,,,,
"10,00","2,00","-6,00","9,00","5,00","-11,00","-12,07",,,,,
"2,00","-1,00","-1,00","-1,00","6,00","-33,00","-32,36",,,,,
"-3,00","6,00","1,00","-10,00","-6,00","47,00","45,75",,,,,
"-2,00","2,00","-9,00","-6,00","8,00","31,00","28,52",,,,,
"-1,00","3,00","2,00","-2,00","-3,00","27,00","27,63",,,,,
"-10,00","-6,00","-3,00","0,00","-8,00","37,00","36,05",,,,,
"-7,00","10,00","-2,00","-5,00","-4,00","146,00","141,50",,,,,
"7,00","-3,00","-3,00","-8,00","-3,00","-106,00","-109,10",,,,,
"6,00","-2,00","-6,00","-10,00","9,00","-99,00","-93,40",,,,,
"-5,00","-9,00","-5,00","8,00","4,00","-7,00","-7,17",,,,,
"1,00","-9,00","-6,00","-9,00","-6,00","-110,00","-119,28",,,,,
"9,00","1,00","-9,00","-1,00","-6,00","-33,00","-30,51",,,,,
"-6,00","1,00","-2,00","-9,00","-3,00","31,00","32,56",,,,,
"-10,00","3,00","-7,00","-5,00","1,00","110,00","111,04",,,,,
"4,00","-1,00","-7,00","10,00","-1,00","20,00","18,57",,,,,
"1,00","-10,00","-1,00","7,00","-7,00","-70,00","-63,12",,,,,
"7,00","3,00","2,00","-1,00","3,00","-39,00","-39,28",,,,,
"5,00","1,00","-5,00","-2,00","5,00","-28,00","-29,82",,,,,
"-5,00","4,00","-1,00","-10,00","8,00","35,00","32,76",,,,,
"-9,00","-9,00","-2,00","9,00","-1,00","25,00","25,19",,,,,
"2,00","-3,00","0,00","2,00","1,00","-39,00","-35,13",,,,,
"-6,00","-9,00","0,00","-7,00","-6,00","-64,00","-68,38",,,,,
"6,00","-1,00","10,00","-4,00","-8,00","-96,00","-92,03",,,,,
"-9,00","10,00","4,00","-1,00","-5,00","161,00","146,70",,,,,
"-10,00","7,00","9,00","4,00","-2,00","141,00","127,56",,,,,
"4,00","10,00","8,00","5,00","-10,00","74,00","68,87",,,,,
"6,00","-2,00","-10,00","4,00","4,00","-26,00","-26,77",,,,,
"4,00","-5,00","10,00","-8,00","-7,00","-137,00","-148,89",,,,,
"-3,00","6,00","-7,00","-7,00","10,00","67,00","70,67",,,,,
"-10,00","4,00","-9,00","1,00","-6,00","157,00","162,30",,,,,
"0,00","3,00","-8,00","-4,00","-4,00","42,00","45,45",,,,,
"-6,00","-1,00","-9,00","9,00","10,00","91,00","97,46",,,,,
"0,00","-10,00","4,00","7,00","-5,00","-79,00","-73,14",,,,,
"2,00","10,00","0,00","8,00","0,00","116,00","115,44",,,,,
"3,00","-6,00","-2,00","-4,00","3,00","-97,00","-93,00",,,,,
"6,00","-7,00","-2,00","10,00","0,00","-72,00","-68,12",,,,,
"8,00","3,00","3,00","0,00","-8,00","-35,00","-32,69",,,,,
"-5,00","0,00","7,00","0,00","1,00","18,00","17,43",,,,,
"6,00","2,00","-9,00","5,00","9,00","10,00","10,09",,,,,
"5,00","0,00","4,00","-2,00","-9,00","-51,00","-55,95",,,,,
"6,00","5,00","5,00","-7,00","10,00","-51,00","-53,63",,,,,
"-8,00","0,00","10,00","8,00","-9,00","75,00","80,93",,,,,
"-6,00","-10,00","-4,00","9,00","-10,00","6,00","5,88",,,,,
"-1,00","6,00","6,00","-8,00","5,00","13,00","13,67",,,,,
"2,00","-3,00","4,00","3,00","-3,00","-43,00","-39,30",,,,,
"-4,00","1,00","-3,00","-10,00","5,00","6,00","5,95",,,,,
"8,00","5,00","1,00","-4,00","1,00","-34,00","-31,81",,,,,
"3,00","-5,00","-9,00","9,00","10,00","-21,00","-22,37",,,,,
"-3,00","-10,00","2,00","10,00","-8,00","-34,00","-34,70",,,,,
"-9,00","9,00","10,00","3,00","6,00","138,00","130,01",,,,,
"-2,00","-7,00","4,00","8,00","1,00","-35,00","-35,54",,,,,
"-9,00","-3,00","6,00","-8,00","-4,00","-4,00","-4,13",,,,,
"9,00","-1,00","9,00","9,00","-1,00","-72,00","-71,28",,,,,
"-6,00","-2,00","1,00","-4,00","5,00","4,00","3,83",,,,,
"4,00","-4,00","-3,00","3,00","1,00","-52,00","-47,50",,,,,
"1,00","6,00","-3,00","6,00","-8,00","93,00","85,91",,,,,
"0,00","2,00","6,00","-8,00","3,00","-33,00","-33,51",,,,,
"9,00","6,00","-9,00","-6,00","-2,00","-7,00","-7,32",,,,,
"-10,00","-5,00","4,00","-10,00","6,00","-28,00","-25,90",,,,,
"0,00","0,00","7,00","-8,00","-8,00","-45,00","-47,46",,,,,
"-8,00","4,00","0,00","6,00","9,00","119,00","117,27",,,,,
"-2,00","3,00","-1,00","4,00","-1,00","66,00","61,43",,,,,
"10,00","1,00","2,00","8,00","10,00","-54,00","-50,29",,,,,
"-7,00","-5,00","-4,00","-1,00","-10,00","24,00","24,32",,,,,
"-9,00","-4,00","3,00","2,00","1,00","30,00","29,45",,,,,
"-3,00","1,00","6,00","-7,00","-7,00","-5,00","-4,52",,,,,
"-9,00","9,00","-6,00","-9,00","-7,00","151,00","136,52",,,,,
"-6,00","-4,00","6,00","-2,00","-5,00","-13,00","-13,01",,,,,
"-10,00","-2,00","5,00","2,00","9,00","44,00","46,16",,,,,
"-10,00","-6,00","0,00","-4,00","6,00","-2,00","-1,83",,,,,
"-7,00","-9,00","-9,00","3,00","-5,00","10,00","9,24",,,,,
"-7,00","-9,00","-5,00","2,00","-2,00","-9,00","-9,12",,,,,
"4,00","-6,00","-10,00","-7,00","10,00","-100,00","-104,72",,,,,
"10,00","0,00","5,00","-9,00","6,00","-137,00","-138,05",,,,,
"-1,00","6,00","-10,00","-7,00","-1,00","71,00","68,28",,,,,
"-5,00","-9,00","4,00","-2,00","-9,00","-61,00","-57,66",,,,,
"-7,00","-4,00","-4,00","1,00","-6,00","38,00","39,03",,,,,
"-5,00","-3,00","4,00","-7,00","-6,00","-24,00","-21,84",,,,,
"3,00","-10,00","10,00","3,00","4,00","-146,00","-139,76",,,,,
"1,00","-7,00","-5,00","-3,00","0,00","-75,00","-72,75",,,,,
"2,00","-7,00","4,00","4,00","3,00","-85,00","-81,72",,,,,
"-9,00","10,00","-5,00","4,00","6,00","197,00","180,77",,,,,
"8,00","-5,00","5,00","6,00","3,00","-108,00","-112,41",,,,,
"5,00","-10,00","-9,00","-8,00","0,00","-145,00","-138,59",,,,,
"-10,00","10,00","2,00","7,00","7,00","195,00","186,54",,,,,
"-8,00","1,00","10,00","-9,00","3,00","5,00","5,40",,,,,
"-5,00","-9,00","-4,00","0,00","-10,00","-28,00","-30,62",,,,,
"-7,00","-5,00","2,00","9,00","-3,00","39,00","35,63",,,,,
"3,00","-2,00","4,00","9,00","1,00","-21,00","-19,18",,,,,
"-5,00","-10,00","-3,00","9,00","2,00","-17,00","-17,63",,,,,
"-2,00","4,00","-3,00","-7,00","6,00","31,00","31,52",,,,,
"9,00","4,00","-6,00","-3,00","-6,00","-20,00","-20,53",,,,,
"-1,00","0,00","-3,00","-4,00","-8,00","9,00","8,71",,,,,
"-10,00","9,00","-6,00","8,00","-8,00","228,00","227,62",,,,,
"0,00","3,00","4,00","-3,00","8,00","-2,00","-2,18",,,,,
"-10,00","8,00","0,00","-9,00","-1,00","125,00","129,23",,,,,
"9,00","-8,00","-2,00","-1,00","-9,00","-141,00","-134,31",,,,,
"-2,00","-8,00","7,00","-9,00","-5,00","-116,00","-110,34",,,,,
"-2,00","-8,00","-1,00","-2,00","-8,00","-61,00","-64,08",,,,,
"-4,00","2,00","9,00","9,00","6,00","55,00","57,25",,,,,
"-8,00","-9,00","4,00","2,00","-5,00","-25,00","-23,43",,,,,
"-6,00","-7,00","2,00","4,00","4,00","-16,00","-16,45",,,,,
"5,00","1,00","-7,00","-9,00","-9,00","-36,00","-34,09",,,,,
"10,00","-7,00","0,00","-4,00","-4,00","-162,00","-164,42",,,,,
"3,00","-4,00","-7,00","7,00","-5,00","-10,00","-10,77",,,,,
"-9,00","-3,00","-8,00","-6,00","-3,00","45,00","41,85",,,,,
"-1,00","1,00","8,00","4,00","1,00","9,00","9,24",,,,,
"5,00","-10,00","-9,00","-2,00","-5,00","-116,00","-127,16",,,,,
"-7,00","-9,00","6,00","-10,00","-2,00","-90,00","-97,90",,,,,
"5,00","-9,00","-7,00","9,00","9,00","-82,00","-77,79",,,,,
"9,00","3,00","-1,00","0,00","-5,00","-34,00","-31,31",,,,,
"-8,00","-5,00","6,00","-1,00","5,00","-13,00","-12,92",,,,,
"9,00","7,00","2,00","-2,00","4,00","-20,00","-21,97",,,,,
"-3,00","1,00","-7,00","4,00","-5,00","76,00","76,22",,,,,
"1,00","2,00","1,00","5,00","0,00","29,00","30,61",,,,,
"-8,00","7,00","4,00","-9,00","9,00","77,00","75,01",,,,,
"7,00","9,00","6,00","-6,00","-5,00","-3,00","-2,90",,,,,
"-10,00","-10,00","1,00","9,00","6,00","7,00","6,68",,,,,
"1,00","-6,00","6,00","-5,00","-7,00","-99,00","-96,11",,,,,
"6,00","-8,00","7,00","-9,00","1,00","-186,00","-195,75",,,,,
"-5,00","-4,00","-5,00","-2,00","2,00","5,00","5,33",,,,,
"-10,00","0,00","-4,00","-5,00","4,00","68,00","73,81",,,,,
"0,00","-10,00","-10,00","2,00","9,00","-71,00","-75,52",,,,,
"4,00","-10,00","-6,00","-1,00","5,00","-123,00","-122,27",,,,,
"-6,00","-2,00","3,00","2,00","8,00","19,00","17,32",,,,,
"7,00","-1,00","7,00","1,00","0,00","-83,00","-86,00",,,,,
"-2,00","9,00","8,00","1,00","-6,00","92,00","85,34",,,,,
"-5,00","-5,00","9,00","-2,00","3,00","-48,00","-48,18",,,,,
"-5,00","-2,00","4,00","4,00","-2,00","26,00","27,05",,,,,
"8,00","2,00","-9,00","6,00","3,00","4,00","4,32",,,,,
"6,00","10,00","4,00","-2,00","-4,00","36,00","34,61",,,,,
"-1,00","-4,00","2,00","6,00","-6,00","-8,00","-7,47",,,,,
"7,00","-3,00","8,00","-9,00","-6,00","-140,00","-127,61",,,,,
"4,00","3,00","1,00","-3,00","7,00","-24,00","-23,81",,,,,
"-10,00","-7,00","-3,00","-1,00","-10,00","25,00","25,70",,,,,
"2,00","6,00","1,00","10,00","1,00","80,00","86,41",,,,,
"-3,00","0,00","-3,00","-5,00","-4,00","17,00","15,66",,,,,
"6,00","-6,00","-6,00","0,00","-5,00","-85,00","-77,97",,,,,
"6,00","5,00","-1,00","6,00","7,00","22,00","19,92",,,,,
"5,00","3,00","2,00","0,00","-3,00","-13,00","-12,36",,,,,
"-6,00","-1,00","-8,00","-6,00","2,00","36,00","32,62",,,,,
"1,00","3,00","-5,00","-2,00","-5,00","34,00","32,71",,,,,
"0,00","5,00","-8,00","4,00","3,00","87,00","91,83",,,,,
"3,00","9,00","1,00","-3,00","-2,00","53,00","52,29",,,,,
"-5,00","4,00","8,00","7,00","-7,00","91,00","90,92",,,,,
"-3,00","-10,00","4,00","7,00","-6,00","-54,00","-52,52",,,,,
"1,00","6,00","-7,00","8,00","-3,00","108,00","112,58",,,,,
"1,00","10,00","-3,00","2,00","3,00","106,00","116,18",,,,,
"4,00","3,00","7,00","10,00","10,00","7,00","6,37",,,,,
"3,00","-10,00","4,00","-3,00","-4,00","-144,00","-148,92",,,,,
"-8,00","4,00","-3,00","5,00","1,00","132,00","131,15",,,,,
"10,00","-5,00","-3,00","-5,00","-6,00","-135,00","-138,77",,,,,
"3,00","-5,00","-2,00","-5,00","-3,00","-85,00","-88,41",,,,,
"-10,00","3,00","6,00","-9,00","6,00","50,00","45,71",,,,,
"-7,00","-2,00","-2,00","-7,00","-8,00","22,00","21,10",,,,,